{"cameraMode":{"drawMode":0,"name":"Shaded","section":"Shading Mode"},"sceneLighting":true,"audioPlay":false,"sceneViewState":{"showFog":true,"showMaterialUpdate":false,"showSkybox":true,"showFlares":true,"showImageEffects":true,"showParticleSystems":true},"in2DMode":false,"pivot":{"x":-10.051647186279297,"y":-3.903658866882324,"z":23.11421775817871},"rotation":{"x":-0.08166466653347016,"y":0.1583765149116516,"z":-0.013145046308636666,"w":-0.9839125871658325},"size":16.324384689331056,"orthographic":false}